ProfileID,ProfileID2,DateFavorited
A43686FA05B9706827AD2D71AC062D22BC20C352,F38C2741C973F0A909B346862661087AA9204369,2018-01-1607:48:49.737000000
A43686FA05B9706827AD2D71AC062D22BC20C352,59EEB2B05A9B9F06D0628F7D9C3EAF23276201DB,2018-01-1619:05:43.833000000
A43686FA05B9706827AD2D71AC062D22BC20C352,7140746EDF056F3DD1585956EA8C753FB0242824,2018-01-1607:56:07.107000000
A43686FA05B9706827AD2D71AC062D22BC20C352,7748C6B98266A3CFACF51519C822D725C0D207CC,2018-01-1607:53:20.843000000
A43686FA05B9706827AD2D71AC062D22BC20C352,DEFF8BBCF1AB4C9A078BBEDDE6E130CA1D2C588E,2018-01-1607:56:29.267000000
A43686FA05B9706827AD2D71AC062D22BC20C352,2090996DFD7E973DA3DAD698103F6AD82AB6EB3D,2018-01-1607:46:59.967000000
A43686FA05B9706827AD2D71AC062D22BC20C352,7D40F8EA1071D8CA564F10FB6716E5203D494254,2018-01-1619:03:48.110000000
A43686FA05B9706827AD2D71AC062D22BC20C352,065B702882E7BF8F9002FFB5A1255FAAE40ABB76,2018-01-1607:51:47.817000000
A43686FA05B9706827AD2D71AC062D22BC20C352,F59F7D9625B31750534283991BAD7287BADD552F,2018-01-1607:52:29.743000000
A43686FA05B9706827AD2D71AC062D22BC20C352,55D2C75B8079AE2E80169A6A361F37BAB903732A,2018-01-1619:05:01.903000000
A43686FA05B9706827AD2D71AC062D22BC20C352,E96147C1EDD036C3DEA1950B1737478AB03F874F,2018-01-1607:50:29.497000000
A43686FA05B9706827AD2D71AC062D22BC20C352,3FA6479F83307A87967A2B417E2AD75B7FC2D56B,2018-01-1607:50:15.747000000
A43686FA05B9706827AD2D71AC062D22BC20C352,A54E3B7F630EA528F05BF7B5CCEC9A420E869D68,2018-01-1607:50:01.823000000
A43686FA05B9706827AD2D71AC062D22BC20C352,5D6CE25BFF052EA2AA63A15DBACB175966BCFC5F,2018-01-1619:03:25.983000000
A43686FA05B9706827AD2D71AC062D22BC20C352,B95BEB2C8B3A157422781B58FBEB0569FBFB4A84,2018-10-3013:25:11.470000000
A43686FA05B9706827AD2D71AC062D22BC20C352,1B6B07D3C90CC20031F94ED5F7271E9B3397468E,2018-10-3013:27:53.443000000
A43686FA05B9706827AD2D71AC062D22BC20C352,20942D8BB3CD9E06F582B0E8311D638D8F8B1254,2018-10-3017:04:36.707000000
A43686FA05B9706827AD2D71AC062D22BC20C352,16FF193F84E1B50E63CEAE663A6C6B36A99C8CB9,2018-10-3013:24:51.813000000
A43686FA05B9706827AD2D71AC062D22BC20C352,DDE4AD1206CCEE27C189FCE510EA8F479C8A4EA1,2018-10-3013:21:44.010000000
A43686FA05B9706827AD2D71AC062D22BC20C352,9BA9DF3A9109191DC1FEB16CB43BF1F5ADEA7F2D,2018-10-3013:24:21.357000000
A43686FA05B9706827AD2D71AC062D22BC20C352,8FC5BC6256DBC5C63412041CF2013F6A8B763983,2018-10-3017:17:15.723000000
A43686FA05B9706827AD2D71AC062D22BC20C352,4258AF8291006264F2614E296540861CEF1A4594,2018-10-3017:01:35.503000000
A43686FA05B9706827AD2D71AC062D22BC20C352,6B92DAFE2C0FC0AD06B94A9B8C4B06240754A694,2018-10-3013:25:35.440000000
A43686FA05B9706827AD2D71AC062D22BC20C352,B9A8996FB1ABFFE116308DA127B5DAABEC41D9DA,2018-10-3013:23:24.880000000
A43686FA05B9706827AD2D71AC062D22BC20C352,F18176922230C4F032ABF2AA07FEB4165931DB63,2018-10-3013:20:17.620000000
A43686FA05B9706827AD2D71AC062D22BC20C352,BE7E20CD973E73E750572D82CE7CFDF56D2EB1AA,2018-10-3013:14:15.097000000
A43686FA05B9706827AD2D71AC062D22BC20C352,3E0267C6D151EE242DBC4D07560028A3D43D52B4,2018-10-3013:20:42.113000000
A43686FA05B9706827AD2D71AC062D22BC20C352,963589C713894177D9B127E5FE52321A00F87CAB,2018-10-3013:22:47
A43686FA05B9706827AD2D71AC062D22BC20C352,42093FE42B0E387B13CF813397B1431F35FDFBAE,2018-10-3013:19:40.257000000
A43686FA05B9706827AD2D71AC062D22BC20C352,F0B0C424B85E6CF89A03E915400E04F0BFCC50D4,2018-10-3017:02:56.883000000
A43686FA05B9706827AD2D71AC062D22BC20C352,A6F3E775A68DD5DB93E427BDA5C8405938BC53E3,2018-10-3017:07:13.873000000
A43686FA05B9706827AD2D71AC062D22BC20C352,6C1602B16641F906C30E393BE50DA27D821DB75A,2018-10-3013:27:22.817000000
A43686FA05B9706827AD2D71AC062D22BC20C352,907B0A9CB0FDFC107293ECF17AA052F4940CA64A,2018-10-3013:21:13.803000000
A43686FA05B9706827AD2D71AC062D22BC20C352,C746B7F3B0F3F4D378AC37CB68411353FE9F928B,2018-10-3017:02:23.693000000
AE4B9319E7E7FEAC3EF0BB1BCC7C5A766636CD98,0A85CB6C914CCCC11E430FE38D278D225D5CCE62,2018-02-2017:57:57.290000000
AE4B9319E7E7FEAC3EF0BB1BCC7C5A766636CD98,49039AB9A89F820F7B72355F5CF76AF4FDF6BA1E,2018-02-0307:55:28.293000000
AE4B9319E7E7FEAC3EF0BB1BCC7C5A766636CD98,40E7506251CCAEB2E1CCEE0B435252804C9F8FC5,2018-02-2107:12:29.193000000
AE4B9319E7E7FEAC3EF0BB1BCC7C5A766636CD98,560BC83209E0D8658C8E3A917C73233CD8E669AE,2018-02-0516:24:03.877000000
AE4B9319E7E7FEAC3EF0BB1BCC7C5A766636CD98,B9E94BD8AE4A5D1A894D9A22AA453CEEF14FD852,2018-01-3004:49:35.897000000
AE4B9319E7E7FEAC3EF0BB1BCC7C5A766636CD98,204D625333BCFF8CD8473FFF728EF41038B1D1D0,2018-01-2907:51:14.627000000
AE4B9319E7E7FEAC3EF0BB1BCC7C5A766636CD98,6E01A9B29B7AD3BB91A6093A6B0ED61171B3DD8D,2018-01-3004:49:23.253000000
AE4B9319E7E7FEAC3EF0BB1BCC7C5A766636CD98,5AF67961277DEC8653E1BE32F8B497019FB5D1A0,2018-02-2017:58:18.133000000
AE4B9319E7E7FEAC3EF0BB1BCC7C5A766636CD98,6F92DABE06C817386F53DD02D0BD6BADD0F4D3EC,2018-02-1916:20:54.237000000
AE4B9319E7E7FEAC3EF0BB1BCC7C5A766636CD98,A7C121C8777C9419C50604A237A6E5E4D939A53E,2018-02-2017:59:08.403000000
AE4B9319E7E7FEAC3EF0BB1BCC7C5A766636CD98,02CF9049C0BD6423849862404EDFCF04DBDACA93,2018-02-2210:26:03.053000000
AE4B9319E7E7FEAC3EF0BB1BCC7C5A766636CD98,80747D4435C9190EAAAB98537083C8E7DEB5390B,2018-02-2711:10:41.400000000
AE4B9319E7E7FEAC3EF0BB1BCC7C5A766636CD98,CF9175AEE07DF6EFB39722F6E73D11987D317A06,2018-03-1214:27:41.217000000
A36F4F62F7BE476500E2C98741AF00101B43198C,84DF53DCF05FA2E40475B82D74275A9C9F5A702D,2018-01-1813:21:18.490000000
A36F4F62F7BE476500E2C98741AF00101B43198C,A8470E472249872F6FC86F5FB9FEEBCA741652FD,2018-01-1813:20:46.847000000
A36F4F62F7BE476500E2C98741AF00101B43198C,3A55FB5B3BFEA1E5190C9E253EED42D7DA5E2991,2018-01-1813:27:12.317000000
A36F4F62F7BE476500E2C98741AF00101B43198C,AB5A1E0639E383D9EF0F4540C63586A7A607423D,2018-01-1813:19:37.030000000
A36F4F62F7BE476500E2C98741AF00101B43198C,45DD2332A98D8BBA6FFEFDA3C33CAD163A84B4BE,2018-01-1813:19:43.030000000
41B540066F8317C84E69AFD0D41117FB337F1C58,1B3FB1680295CF1AB1012E9A2ADF443D4E287513,2018-01-1610:00:20.190000000
A6598FB516FED4EB0592C49A7C3575685094AADC,2E1E9A8410B7DB141098767D85235EEA721E95CA,2018-01-1608:03:16.373000000
A6598FB516FED4EB0592C49A7C3575685094AADC,AC4C6B6D8316FBB0BAD95CF958D511BD90439098,2018-01-1607:46:27.857000000
A6598FB516FED4EB0592C49A7C3575685094AADC,7D314DDC91525B5E2779A7BEBCDF2ED15AE354C7,2018-01-1607:44:43.060000000
A6598FB516FED4EB0592C49A7C3575685094AADC,3416A6F78271208D31DFAAD0B37F937B18A295E3,2018-01-1607:45:22.283000000
A6598FB516FED4EB0592C49A7C3575685094AADC,8A9E70C213324F0C7D2B19F5E7111DB9D42B1692,2018-01-1608:03:33.880000000
A6598FB516FED4EB0592C49A7C3575685094AADC,64CE031A90BD5FF2732A33C67A58B5AD0208D9D2,2018-01-1607:47:59.150000000
A6598FB516FED4EB0592C49A7C3575685094AADC,48A6DC9D904730F0FB43C59C3E2821EEC661E431,2018-01-1608:02:57.413000000
864E7B4F47CF11E6A25372AAB334021AAE81A445,A77BE9FDC675901E5D01F116205253C8179C187C,2018-03-2711:14:39.243000000
864E7B4F47CF11E6A25372AAB334021AAE81A445,6FEBDDE77481D15583B71585571F5EDE9D4B4F15,2018-06-2506:42:55.863000000
864E7B4F47CF11E6A25372AAB334021AAE81A445,54C7D47C6094F406B543B52A648382DD2D14DE3F,2018-10-0902:57:19.780000000
E9E318EE7E88E84AB85A9D80765FFE46B8B90EB9,DA54B2A5C9DE9DE8957BC0E6BC9B099A23EFD75D,2018-01-1607:54:34.840000000
94109D05B383AF373517BC2FE8A6269F89A565E0,99A243992A4B06522B483EB73B3F4D76486FF865,2018-01-1608:49:38.330000000
94109D05B383AF373517BC2FE8A6269F89A565E0,BA279CE7C187A1E6166D8D943ACD0A40157824BB,2018-01-1608:53:45.050000000
94109D05B383AF373517BC2FE8A6269F89A565E0,A4877837F9146750E90BFB92A537C41A50CD23D4,2018-01-1609:15:14.997000000
94109D05B383AF373517BC2FE8A6269F89A565E0,B33E4429F926A59E2D3A8652770DDD05BC1F4C33,2018-01-1608:55:58.873000000
94109D05B383AF373517BC2FE8A6269F89A565E0,AED4575BFFDAB5D070ED235DE2A95754BFFFB8B7,2018-01-1608:50:59.880000000
D7448C69934B718B870C3A54C3BC498514559A16,2C23BEFE117E934790AE3278A3018A8B780E0CE5,2018-01-1616:52:02.307000000
D7448C69934B718B870C3A54C3BC498514559A16,48A6DC9D904730F0FB43C59C3E2821EEC661E431,2018-01-1616:52:55.937000000
44620AF79FB50713B199466988300E87779A0D3B,83AF9F4775ABF6CF101CA1F69784837F5FC54616,2018-01-1607:53:27.923000000
C8EC07E2AA60A7781E0C964CCE651BB8CA1749D1,F78B3AFBCA1D5553208A66E39723E55FED1E4EE3,2018-01-1608:52:21.350000000
C8EC07E2AA60A7781E0C964CCE651BB8CA1749D1,272AF77CA7FAE699C667E04F7E2ACBAD857C3A64,2018-01-1608:51:49.137000000
C8EC07E2AA60A7781E0C964CCE651BB8CA1749D1,6141AB8844CAA2E465E22AD59A6A68DBACE73DB5,2018-01-1608:52:13.820000000
C8EC07E2AA60A7781E0C964CCE651BB8CA1749D1,CE0782275107DC20AD930F84BFCBE059A4CFA0A4,2018-08-1103:27:39.303000000
02DC4E93A3EB84FE14100B7A6CDF20BA17D8062D,A19353DB7CFF87C9315C197B9DCB82AB524C7C26,2018-01-1608:00:25.710000000
6AADE401411B9B2590816F127FAE51B65CC08C09,3B98515149086F1D197763E8FBEBC9759C0017DE,2018-02-2219:52:14.187000000
6AADE401411B9B2590816F127FAE51B65CC08C09,911553CABEC347F834DAFA8EF93702D5CFA76712,2018-02-1705:32:50.737000000
6AADE401411B9B2590816F127FAE51B65CC08C09,0AF122CC02744B732469FD04317C2AA9DE985425,2018-02-1705:39:47.027000000
6AADE401411B9B2590816F127FAE51B65CC08C09,D7107EA240FE659ADF3C9FE023BB278053150615,2018-02-2219:53:11.427000000
6AADE401411B9B2590816F127FAE51B65CC08C09,7C3F9F4BCDFF68C0B29742661B608E596D07AD32,2018-02-2218:14:36.880000000
6AADE401411B9B2590816F127FAE51B65CC08C09,F40501215CCD196E1B071253FD39A7F684BC7696,2018-02-1705:35:57.843000000
6AADE401411B9B2590816F127FAE51B65CC08C09,A79AFBECF8FF77AF33DD03AC1947BFD6BD28EEB3,2018-01-1608:07:17.613000000
6AADE401411B9B2590816F127FAE51B65CC08C09,2336F643EC9F31C6F153BD85B4F59DA854AA3C28,2018-01-1608:07:49
6AADE401411B9B2590816F127FAE51B65CC08C09,DE0F7F60A47EAAED08930A87574654B23AA21345,2018-01-1608:06:52.353000000
6AADE401411B9B2590816F127FAE51B65CC08C09,F70CA3FC465EBE796787E200052CE8454A11CC8D,2018-01-2008:39:49.170000000
189D5470A297DC2FE66B87655B3EB489D4B4CE49,FC8902BC898BCBFC4DAF853CAA04EBB3A857E542,2018-01-1609:16:07.703000000
189D5470A297DC2FE66B87655B3EB489D4B4CE49,43819B3CA97DE5444B8146A8EDDDFA7B91483C27,2020-02-2707:34:01.633000000
189D5470A297DC2FE66B87655B3EB489D4B4CE49,FCA758DB78921849591D2D5CDA81E25E08FEC686,2018-01-1608:16:03.580000000
189D5470A297DC2FE66B87655B3EB489D4B4CE49,2924A01BA7623EDD1037DBDD5E238D803D9A9E33,2018-01-1608:15:57.890000000
189D5470A297DC2FE66B87655B3EB489D4B4CE49,BBE9E25C3F6D1CA6A8136EF7DE232C2A1315D396,2018-01-1608:16:06.643000000
189D5470A297DC2FE66B87655B3EB489D4B4CE49,1C8DC4CA4DBB295F651D703E516630F2397490AF,2020-02-2707:38:02.937000000
189D5470A297DC2FE66B87655B3EB489D4B4CE49,8816F46478E950EAB6597A1BEB384BF22EA4A3EE,2020-02-2706:47:32.127000000
189D5470A297DC2FE66B87655B3EB489D4B4CE49,B919AC6ED83872A2E8155855C004606F563A3D61,2020-02-2707:35:17.087000000
189D5470A297DC2FE66B87655B3EB489D4B4CE49,B898D46EF91960764EEF1CE938628F7E93A3CC5E,2020-02-2707:34:54.733000000
189D5470A297DC2FE66B87655B3EB489D4B4CE49,1A9D9D509DE420EA14A9EA6435CB60F499E9A974,2020-02-2707:59:52.020000000
189D5470A297DC2FE66B87655B3EB489D4B4CE49,4A68F2FF4F76F3CBEF1502AC228D67474259F0AB,2020-02-2707:37:43.177000000
189D5470A297DC2FE66B87655B3EB489D4B4CE49,F72F8160F9BD60C5B3691C0CF7F22C8D68BE81BB,2020-02-2706:43:20.990000000
189D5470A297DC2FE66B87655B3EB489D4B4CE49,930B608BD32AA62C9A54525AB0EEB27B0F598A64,2020-02-2707:37:08.443000000
E705648C902D139A290449153B4112F9CC3A5EE9,2E1E9A8410B7DB141098767D85235EEA721E95CA,2018-01-1608:45:42.890000000
E705648C902D139A290449153B4112F9CC3A5EE9,B7184C7C0FD9CB2386245EEC43836BA75E2546FF,2018-01-1609:04:51.937000000
E705648C902D139A290449153B4112F9CC3A5EE9,591883ECBDAD19E8BB831A5E89B82598A363C374,2018-01-1608:09:33.147000000
E705648C902D139A290449153B4112F9CC3A5EE9,6F891330B07EBE8A373A14DC3F6F1B73F97A0438,2018-01-1608:12:14.987000000
E705648C902D139A290449153B4112F9CC3A5EE9,8A6AB88EBBD3A356DBD4F878BD49B3A2A486C746,2018-01-1608:36:24.813000000
E705648C902D139A290449153B4112F9CC3A5EE9,C491E8FDCA9F5062A367E39AE6A2969AED635952,2018-01-1608:15:23.477000000
E705648C902D139A290449153B4112F9CC3A5EE9,FC58E6E7466D8E77C98550A5AFE9FCA01F3E47F5,2018-01-1608:16:46.763000000
E705648C902D139A290449153B4112F9CC3A5EE9,93376C4F4C6338483680448B78D7347EF3260B74,2018-01-1608:15:42.120000000
E705648C902D139A290449153B4112F9CC3A5EE9,2E41A9A07956EDBCF62EA4A33DD8392C3FDF33A7,2018-01-1608:16:23.167000000
E705648C902D139A290449153B4112F9CC3A5EE9,AB5A1E0639E383D9EF0F4540C63586A7A607423D,2018-01-1608:35:31.797000000
E705648C902D139A290449153B4112F9CC3A5EE9,09C086793F3C4A1B765D24DA3EE500732ECFB8F2,2018-01-1608:28:12.060000000
E705648C902D139A290449153B4112F9CC3A5EE9,BFE9AE60F176CD518B0113B0EC520E1ACE949336,2018-01-1608:22:35.230000000
E705648C902D139A290449153B4112F9CC3A5EE9,CF3D6E0A05FDC7303FFA3AC06C1114D832C73226,2018-01-1608:29:41.660000000
E705648C902D139A290449153B4112F9CC3A5EE9,2D7C5613B80C660247BA78AE3185A80F401538A6,2018-01-1608:30:22.593000000
E705648C902D139A290449153B4112F9CC3A5EE9,C83E510B87FB0347EC837F45378278A80D6CE228,2018-01-1608:24:13.863000000
E705648C902D139A290449153B4112F9CC3A5EE9,EBCE669C47F4D03FFE4EB59F15912A666E39AF6C,2018-01-1608:31:18.230000000
E705648C902D139A290449153B4112F9CC3A5EE9,DFE19B72F375D2B1F988067F7879880F34D48FFF,2018-01-1608:33:03.127000000
E705648C902D139A290449153B4112F9CC3A5EE9,6BC45252FE3E5C2E0A641C0E31350727EC3350E8,2018-01-1608:37:02.130000000
42F58DFED8320CD9EEEF9A9B0A5703B5CC80B992,936B839CA2F67DD8F0EEE511E705E3CADD28C035,2018-01-1608:11:34.410000000
DD1180F6CE5F5810718993766621C8A82F921806,DA688595FB172C535D5B85E7DE7E3145B6649000,2018-11-3020:20:47.393000000
B570C0733DDB00A3FEECC4E846EFAA5799454444,51BBFD9594EFA96E34B29E58E4DE7A0A473F243B,2018-01-1608:36:30.597000000
B570C0733DDB00A3FEECC4E846EFAA5799454444,3416A6F78271208D31DFAAD0B37F937B18A295E3,2018-01-1608:33:46.190000000
B570C0733DDB00A3FEECC4E846EFAA5799454444,9658E06075B2B3998772B5D31F472DA6553E167F,2018-01-1608:43:50.243000000
B570C0733DDB00A3FEECC4E846EFAA5799454444,825DBA2AEF0817E2811D7782817400309987E3B1,2018-01-1608:41:45.543000000
9DBF0841167B12534D30453EBCAF2033BD3B725A,B4A22CE6CBBE348BB6297EEA83312D3D2639E4F9,2018-01-1608:20:15.903000000
1BE36D9B548DE738028F875E5FEE3EFD36179DC6,17526F5E64AFE7BE56FAC76679F05C2DAF8A771B,2018-04-0504:58:15.657000000
4C2050ED4D40C964F3CF1FCDED08A30D39CD6412,EDB799CFBD5E2816E5175FA1E1F7626C24096D84,2018-01-1608:12:14.347000000
C21B6CD01D5640B8EE1E8AA3E4C0EB20E809E813,C7FFCBAA9981EAAFB3505EB4090CAF7830A3E004,2018-02-2802:51:44.647000000
BA9333E0AC2325D0B5B79E5414478CE703C612A9,79E1904613D253D5169336566271CA78489522F7,2018-01-1608:33:04.500000000
BA9333E0AC2325D0B5B79E5414478CE703C612A9,BCD2185216C217FF58708C6E0ED30A9C18C56D39,2018-01-1608:21:06.933000000
BA9333E0AC2325D0B5B79E5414478CE703C612A9,9359F9988A52733D30465B813CEC29A02D649461,2018-01-1608:32:58.093000000
BA9333E0AC2325D0B5B79E5414478CE703C612A9,A99560CABA905C9E26F0757144A49B3934E9EB3A,2018-01-1608:33:22.127000000
BA9333E0AC2325D0B5B79E5414478CE703C612A9,11B8F5709A6F26ED2D6A93EC1B17C92DA965E79C,2018-01-1608:32:42.260000000
BA9333E0AC2325D0B5B79E5414478CE703C612A9,9151A3B9E32449DAE867B43F6C7981C078B552DB,2018-01-1608:21:58.127000000
BA9333E0AC2325D0B5B79E5414478CE703C612A9,36F8AAA8A503020A62BA1A8A0F8FD4490F21BA8D,2018-01-1608:21:26.683000000
C79EF276D619B740393BB5B1FE0EA1C81DB08E48,8C9A0AE3068CF4059283E5445904CDC7AB860590,2018-01-1608:19:18.453000000
C79EF276D619B740393BB5B1FE0EA1C81DB08E48,8DA663860EAFB405C176B62B8BA412897CFF0B6F,2018-01-1608:32:39.260000000
C79EF276D619B740393BB5B1FE0EA1C81DB08E48,DD4EB76722434C37B7D63E658ADFECC8FD5952CE,2018-01-1608:14:10.030000000
C79EF276D619B740393BB5B1FE0EA1C81DB08E48,90415D4AA0BBBCE09E65194DFA035D169216A7CA,2018-01-1609:00:42.260000000
C79EF276D619B740393BB5B1FE0EA1C81DB08E48,0ED6B29AE119D70EC71F6A3E61295D5CB816BBC7,2018-01-1608:42:45.927000000
C79EF276D619B740393BB5B1FE0EA1C81DB08E48,D480D2510F332832FB1BC843A21EEA9EF5857D09,2018-01-3109:02:06.470000000
C79EF276D619B740393BB5B1FE0EA1C81DB08E48,C458CA5C7402AC31A1FF843DA0913867D61ED766,2018-01-1608:56:08.703000000
C79EF276D619B740393BB5B1FE0EA1C81DB08E48,EED6E5E48757F8FF9B12FE8ECA929FE5583653F0,2018-01-1608:30:03.983000000
C79EF276D619B740393BB5B1FE0EA1C81DB08E48,C490C195E67638E7F3A96D874511706F63358549,2018-01-1610:04:17.010000000
C79EF276D619B740393BB5B1FE0EA1C81DB08E48,0F9665498D390FFF223AEEE644C26C1BBACB5640,2018-01-1704:20:16.540000000
C79EF276D619B740393BB5B1FE0EA1C81DB08E48,227D7EE3FC3075AE2ABC64D081D6E90BC89C75CF,2018-01-1608:31:41.160000000
C79EF276D619B740393BB5B1FE0EA1C81DB08E48,6606720E57E69FDFA0C799E46210C7AF6C861E7E,2018-01-1621:58:52.590000000
C79EF276D619B740393BB5B1FE0EA1C81DB08E48,FCE3AE9E130B0AED2C36DB66FF0BC6BD69778177,2018-01-1608:35:41
C79EF276D619B740393BB5B1FE0EA1C81DB08E48,4C62DDD27D8F89D9574669848FCF741378FEFC43,2018-01-1621:56:48.230000000
C79EF276D619B740393BB5B1FE0EA1C81DB08E48,8FF5742D19C729A4D6EEB36F427D014FAAA19B1C,2018-01-1621:58:05.780000000
C79EF276D619B740393BB5B1FE0EA1C81DB08E48,F1D8CD42DDCD8A90783048B82EBFD1789FE4E793,2018-01-1608:37:00.053000000
C79EF276D619B740393BB5B1FE0EA1C81DB08E48,32EEE9F0DEA031FD2C2587AE4DC6C1CD19565549,2018-01-1622:00:19.790000000
C79EF276D619B740393BB5B1FE0EA1C81DB08E48,ABB47B20A7D74F4DF8A4CF9C64AC6EC57043C82D,2018-01-1608:14:56.363000000
C79EF276D619B740393BB5B1FE0EA1C81DB08E48,C4AD93AA6CD8E0B7F21A023A762124FED1CED7D6,2018-01-1608:52:04.397000000
C79EF276D619B740393BB5B1FE0EA1C81DB08E48,95660B75BBFD0367827FAABFA0118297E6B90133,2018-01-1608:17:24.320000000
C79EF276D619B740393BB5B1FE0EA1C81DB08E48,9AAA09B3D28A391B093CA4DB595BEB968FA4FDE2,2018-01-1608:18:50.297000000
C79EF276D619B740393BB5B1FE0EA1C81DB08E48,5EE801876A0C462F07D243CF04156D026FB1684C,2018-01-1608:39:49.387000000
C79EF276D619B740393BB5B1FE0EA1C81DB08E48,72339D0BF8941DD99247AAF3A2EEFBD245B2BA57,2018-01-1621:56:20.293000000
C79EF276D619B740393BB5B1FE0EA1C81DB08E48,AED4575BFFDAB5D070ED235DE2A95754BFFFB8B7,2018-01-1608:39:00.803000000
C79EF276D619B740393BB5B1FE0EA1C81DB08E48,92E462B05864C9F3718B879A7BA603426685BAD6,2018-01-1608:28:12.047000000
C79EF276D619B740393BB5B1FE0EA1C81DB08E48,09FEF26F74489EE1ECBCD76827DDC0B24110174F,2018-01-1608:36:08.610000000
C79EF276D619B740393BB5B1FE0EA1C81DB08E48,D85DCE53AE4B269BB4632300F578AD83100435C6,2018-01-1609:01:20.237000000
C79EF276D619B740393BB5B1FE0EA1C81DB08E48,E78CEC46F56BD1B17B0F94DEC84B0437B4CCAAB6,2018-01-1608:38:34.987000000
C79EF276D619B740393BB5B1FE0EA1C81DB08E48,2886C0D7C7CF71198CA4728E760CA48E7ECBCEE8,2018-01-1608:31:24.590000000
C79EF276D619B740393BB5B1FE0EA1C81DB08E48,F4E93DC6AE5223680F5A42E8CB6B5ACDB4FA255A,2018-01-1622:02:39.887000000
C79EF276D619B740393BB5B1FE0EA1C81DB08E48,437556C74DCAD59CE77934A8A930022481471691,2018-01-1704:49:51.500000000
C79EF276D619B740393BB5B1FE0EA1C81DB08E48,2BECF18D995E180143BF3FA429CDC3EB12F6DC00,2018-01-1608:40:59.007000000
C79EF276D619B740393BB5B1FE0EA1C81DB08E48,551B220F9F3508A30576627050A3E7532DE17BEF,2018-01-1608:27:24.343000000
C79EF276D619B740393BB5B1FE0EA1C81DB08E48,DB80C2388A6982D230A15E8E49220C8FD864B72D,2018-01-1608:35:11.027000000
C79EF276D619B740393BB5B1FE0EA1C81DB08E48,662795D031B7FCB73EE954A22A84B818B6EDE7E0,2018-01-1704:16:18.177000000
C79EF276D619B740393BB5B1FE0EA1C81DB08E48,CB8DDC88AAF1B5FAAA65B5A961E844D0B172FDC0,2018-01-3108:57:02.553000000
C79EF276D619B740393BB5B1FE0EA1C81DB08E48,3D5A84115A081C652470709D7B638431AA182119,2018-01-3108:56:14.880000000
91CA06F41B9C1D463ED80AA68B094A9E9C43F703,91C65DB9F64BE956497815A3DE99ABDF1B51ABBF,2018-01-1608:28:52.023000000
91CA06F41B9C1D463ED80AA68B094A9E9C43F703,79E1904613D253D5169336566271CA78489522F7,2018-01-1608:28:32.537000000
DD6F3FCB50897E4144DDDD24184D923A6C704827,EA784FC56CA4477FC52B40B62F3D5E0555D1838E,2018-01-1608:38:29.347000000
DD6F3FCB50897E4144DDDD24184D923A6C704827,72D7BCB29D07649DF3F02CDC2C711DF3E82FD254,2018-01-1608:18:49.467000000
DD6F3FCB50897E4144DDDD24184D923A6C704827,3E8F596EEFB8EE8BAB9960294CA1C9A02A546A4A,2018-01-1608:39:00.163000000
DD6F3FCB50897E4144DDDD24184D923A6C704827,9327E18E15DB838A3309FEFD9C53060D14C5EB08,2018-01-1608:19:49.457000000
86551622EA05C51368530A36E8C9A3249DA93DD3,2E1E9A8410B7DB141098767D85235EEA721E95CA,2018-01-1613:14:25.550000000
4C26D4692D4469A0337D87B87F285477CBB66A1A,20BA8160137C8566961E4331122EB839B1D187D0,2020-12-0310:46:50.650000000
4C26D4692D4469A0337D87B87F285477CBB66A1A,489DC0C04A64ED51D60C981DE14B39293831B0C0,2018-01-1608:38:53.350000000
4C26D4692D4469A0337D87B87F285477CBB66A1A,B2493F4CD96B09A78A32B1FD4FF725C66506419E,2020-06-2213:20:25.750000000
D6FA9EEC27A29344F6BEEDCBE2D1F42A050F1867,5DBDE4C7934CD2A3E0A68D34AF5945F591BEF69D,2018-01-1609:31:59.833000000
D6FA9EEC27A29344F6BEEDCBE2D1F42A050F1867,F309D01126CFE6716D019A9BD7B252924937C5E4,2018-01-1609:31:15.207000000
D6FA9EEC27A29344F6BEEDCBE2D1F42A050F1867,2742E1F7936250B5A7DB75014DA0A9B2C34AD05D,2018-01-1609:32:14.273000000
D6FA9EEC27A29344F6BEEDCBE2D1F42A050F1867,A99560CABA905C9E26F0757144A49B3934E9EB3A,2018-01-1609:30:15.480000000
D6FA9EEC27A29344F6BEEDCBE2D1F42A050F1867,BCB1622031466458632150B1CC5B2DE39E4958AE,2018-01-1609:32:26.607000000
C75E60AF79818D40745E7C5E6F5278270A97D701,DE548B50B83444ED1BD6C3A1E2A37F453A96768E,2018-01-1608:21:47.483000000
C75E60AF79818D40745E7C5E6F5278270A97D701,7FB5CBA888E02D8E2B495277720EF67D9C07338A,2018-01-1608:50:25.170000000
4E3829E5AE506286068D5F98E847EC0702C8D612,1E765623E493CE062BAA121B049E2721F016E51F,2018-01-1608:24:52.360000000
D09B0BAADBA703B7003AF33F7F1DEC45D679BA57,8E3EBAB22B6D50791748BB75B29335F17B413D78,2018-01-1608:44:22.237000000
D09B0BAADBA703B7003AF33F7F1DEC45D679BA57,629E0D531F257EF00155EA1C0BD3114B9046BAC8,2018-01-1608:28:39.130000000
D09B0BAADBA703B7003AF33F7F1DEC45D679BA57,87B79BF81E5C3A6ABED3C2831C7F90224D86C38C,2018-01-1608:28:08.717000000
D09B0BAADBA703B7003AF33F7F1DEC45D679BA57,B1605F24733C271198AD6BF3E061524CB23AD1F4,2018-01-1608:33:49.990000000
D09B0BAADBA703B7003AF33F7F1DEC45D679BA57,1FE7C43A329A70A00C9408B3302A43CE10F6397D,2018-01-1608:34:16.507000000
D09B0BAADBA703B7003AF33F7F1DEC45D679BA57,32FFD2E47E6F8DD0C7AA9D77F64FE547E6623AB4,2018-01-1608:36:54.240000000
D09B0BAADBA703B7003AF33F7F1DEC45D679BA57,04B4ABF5A385D9C886BEC124A627B57796201A0E,2018-01-1608:27:25.297000000
D09B0BAADBA703B7003AF33F7F1DEC45D679BA57,2D4F13D3E7C277345BF730722415F0582F5FCD8E,2018-01-1608:30:34.707000000
D09B0BAADBA703B7003AF33F7F1DEC45D679BA57,9F2276A40BE8E4D2DE4AFD818D6C3C8F1D8AADC0,2018-01-1608:44:43.690000000
D09B0BAADBA703B7003AF33F7F1DEC45D679BA57,0BD1832C9EC646DBEEB26E365CD67CA0A37BE859,2018-01-1608:25:44.697000000
D09B0BAADBA703B7003AF33F7F1DEC45D679BA57,7A827ABED8C898E184456C96AA6ADC32E9CCBBD5,2018-01-1608:31:58.660000000
D09B0BAADBA703B7003AF33F7F1DEC45D679BA57,098504F593BC2441FEE377D23D6A8AA3F611C19A,2018-01-1608:25:28.023000000
D09B0BAADBA703B7003AF33F7F1DEC45D679BA57,B7479AF6621A76A8554FA1E09CA0B0ADBEC65415,2018-01-1608:30:16.687000000
D09B0BAADBA703B7003AF33F7F1DEC45D679BA57,B1326CB7DC06F6353567F6B35FB99395AAA7589B,2018-01-1608:36:06.547000000
D09B0BAADBA703B7003AF33F7F1DEC45D679BA57,667BFFC29E05224731259B97CB57C44EC0604D52,2018-01-1608:33:53.583000000
D09B0BAADBA703B7003AF33F7F1DEC45D679BA57,5A36DACEF4BF0EED7E54A8D34F624C5A7CE6E7D7,2018-01-1608:31:13.040000000
D09B0BAADBA703B7003AF33F7F1DEC45D679BA57,75513117A036CBD30B03886D09A6B45E04F6BDF1,2018-01-1608:33:16.970000000
D09B0BAADBA703B7003AF33F7F1DEC45D679BA57,57FB5F9501991EA39C959658BBDEB0126C55D97C,2018-01-1608:33:31.377000000
D09B0BAADBA703B7003AF33F7F1DEC45D679BA57,36EA76313F5956E573CBE182E95BACC97BABDD31,2018-01-1608:30:44.877000000
D09B0BAADBA703B7003AF33F7F1DEC45D679BA57,3377B9C01F2C4E245405BB3A00AC59064CDEDEBE,2018-01-1608:26:56.577000000
D09B0BAADBA703B7003AF33F7F1DEC45D679BA57,FE93B515ED2BD9541FEE07C9D7D29DEF56D29F1D,2018-01-1608:29:02.307000000
D09B0BAADBA703B7003AF33F7F1DEC45D679BA57,6832E777FFB0BBFC5FD54E6FAFF17E4F40F7F3CB,2018-01-1608:32:03.457000000
D09B0BAADBA703B7003AF33F7F1DEC45D679BA57,CF006DB236A64BCC085EAD110008822191B1A27A,2018-01-1608:30:58.863000000
D09B0BAADBA703B7003AF33F7F1DEC45D679BA57,5ADA5B3B47431393FD10FAA79053CF080367767D,2018-01-1608:37:04.740000000
D09B0BAADBA703B7003AF33F7F1DEC45D679BA57,DEFF8BBCF1AB4C9A078BBEDDE6E130CA1D2C588E,2018-01-1608:33:26.063000000
D09B0BAADBA703B7003AF33F7F1DEC45D679BA57,7D40F8EA1071D8CA564F10FB6716E5203D494254,2018-01-1608:35:07.243000000
D09B0BAADBA703B7003AF33F7F1DEC45D679BA57,28D3D47EAEF65A0CFFDA48FFD4082F1ECE9FD70B,2018-01-1608:31:34.923000000
D09B0BAADBA703B7003AF33F7F1DEC45D679BA57,92E462B05864C9F3718B879A7BA603426685BAD6,2018-01-1608:24:54.330000000
D09B0BAADBA703B7003AF33F7F1DEC45D679BA57,64CE031A90BD5FF2732A33C67A58B5AD0208D9D2,2018-01-1608:32:34.057000000
D09B0BAADBA703B7003AF33F7F1DEC45D679BA57,58CA39A70DDC3797EF42DA872CFFB6E227C6A024,2018-01-1608:29:31.157000000
D09B0BAADBA703B7003AF33F7F1DEC45D679BA57,3F4E058B569F438F4DB4A68A88B21FED704C0407,2018-01-1608:30:24.377000000
D09B0BAADBA703B7003AF33F7F1DEC45D679BA57,AB410B2C8AF425E10F8DC110B02C56F2F95BF9D1,2018-01-1608:36:20.360000000
D09B0BAADBA703B7003AF33F7F1DEC45D679BA57,AFFB1E6CC47F2BBE1DB2DDB528DF774CA4FE3F45,2018-01-1608:25:14.380000000
D09B0BAADBA703B7003AF33F7F1DEC45D679BA57,250C15AD33B4CB323B6E8E387DF9D11FAD158AC1,2018-01-1608:32:09.427000000
D09B0BAADBA703B7003AF33F7F1DEC45D679BA57,7ADF666AA517F1EBA622DDB74AB76BD7E8E517D8,2018-01-1608:24:44.670000000
D09B0BAADBA703B7003AF33F7F1DEC45D679BA57,4D01F4C766BA71B68843159D6014177147B9DC11,2018-01-1608:34:28.680000000
D09B0BAADBA703B7003AF33F7F1DEC45D679BA57,F78A835E9759D2E4DC6F37508D74916145795FFC,2018-01-1608:26:33.980000000
D09B0BAADBA703B7003AF33F7F1DEC45D679BA57,E96147C1EDD036C3DEA1950B1737478AB03F874F,2018-01-1608:34:56.057000000
D09B0BAADBA703B7003AF33F7F1DEC45D679BA57,3FA6479F83307A87967A2B417E2AD75B7FC2D56B,2018-01-1608:34:44.977000000
D09B0BAADBA703B7003AF33F7F1DEC45D679BA57,6A9336C6701AE3F701CF77D6C2E4A732C09A5B67,2018-01-1608:35:44.030000000
D09B0BAADBA703B7003AF33F7F1DEC45D679BA57,BBE9E25C3F6D1CA6A8136EF7DE232C2A1315D396,2018-01-1608:27:53.057000000
2F5BF68321A397EBF7468E42BE0B3C1C6ED69D03,348169B9686F898E149AEE47F155937967756498,2018-01-1711:56:17.800000000
2F5BF68321A397EBF7468E42BE0B3C1C6ED69D03,D644695FCE4CA697EAAB57EBB4BF932FA0BD81C5,2018-01-1711:58:35.397000000
E467918D58BB9F7B5887C2A8B4326E673D605048,A99560CABA905C9E26F0757144A49B3934E9EB3A,2018-01-1608:27:45.523000000
80342D86609F0A5108A683C402663B6651D1AD67,A99560CABA905C9E26F0757144A49B3934E9EB3A,2018-01-1608:33:34.503000000
D06314AAD8A974BE3DCCD2569AD3340606726BE2,8F98E3D49EBAB775318697DE6664D7944A7A489B,2018-01-1612:12:12.630000000
A1745D12A8A8A02BCF5DC94CFCC5C21BE8E725E0,2A2CFA52E8B3FA14061419DE6AE35F898A741FCF,2018-01-1609:04:07.750000000
F7E12C8F69DB647B87E501F87B630C2E498D0C4B,CE82D8C5E686DB5723CA2DC2C31CC85937D6EF4B,2018-01-1803:13:56.013000000
9767CA4376EA60B3E22FC00D596CF2243B821A34,CE3545F55429BFB7D9F5BD6B92DB5CEB66CD86A4,2018-01-1608:49:30.957000000
9767CA4376EA60B3E22FC00D596CF2243B821A34,B2AE5589760ABF35BFB7E49DB9A6C4AC994D65A1,2018-01-1608:35:23.323000000
9767CA4376EA60B3E22FC00D596CF2243B821A34,E1B214509A1F0D2D50B856FFB061C44C42A9B0B8,2018-01-1608:49:52.900000000
A5A0A41A84B966DF19C24B93CA86D9DE182D1AB1,FDE8832A63CBD492B65E8B814C8342770EA26AF2,2018-01-1609:30:44.470000000
40917B7CD29123B28D80812007F943C66D3C366A,E2A72D90015F2F527DB169449228911726A8D5E5,2018-01-1617:46:32.257000000
C8661E09FB57F570E83B6495DB9A8BE8ACD53DF6,3E0844922715557973A85E7982D282E88122691D,2018-01-1611:59:32.147000000
C8661E09FB57F570E83B6495DB9A8BE8ACD53DF6,D2EAE9AC3F6B8532CBFBC7417214120FCFBAF34D,2018-01-1808:43:12.957000000
03237412C14C964FD038443828623398BC0D4ED7,287F80407C101D81A6D13A3F54DEEA902D945113,2018-01-1614:27:24.350000000
B4877E0D1F211E329A6D8F7FFC6B1FEE2C4DD483,51A988DAABD245CDFC9C97CE2AA72F4F3F8DF122,2018-01-2016:00:07.017000000
B4877E0D1F211E329A6D8F7FFC6B1FEE2C4DD483,A18E16BDD094BBAC66988E14BBEDC4EC12EA14BB,2018-01-2103:12:25.410000000
B4877E0D1F211E329A6D8F7FFC6B1FEE2C4DD483,50D4675BD0E4B76694B820D32B17ACC37923D550,2018-01-2016:02:14.973000000
B4877E0D1F211E329A6D8F7FFC6B1FEE2C4DD483,5094676C46271C868A3FA93AE3B4EA6AED688AB6,2018-01-2201:35:00.377000000
B4877E0D1F211E329A6D8F7FFC6B1FEE2C4DD483,84F312F2FCD3494A77404E95431A30DBD1B2FE95,2018-01-2103:11:08.600000000
B4877E0D1F211E329A6D8F7FFC6B1FEE2C4DD483,408B512F73909E033B46AE4A0B6A2F3461209399,2018-01-2016:04:08.227000000